,Train Loss,Val Loss
0,0.023543202900584474,0.017770974923679517
1,0.008128906482499598,0.012372324861847145
2,0.005927513820615949,0.012014455144614262
3,0.005350613467757829,0.00998708781534452
4,0.004891240905640675,0.010837912052783828
5,0.004442492083993841,0.013423238790914333
6,0.004297378481971341,0.00836210989596924
7,0.0038515526873354276,0.007184126815064978
8,0.004645580844524873,0.004954141708384619
9,0.004297286678546186,0.01238675353411098
