,Train Loss,Val Loss
0,0.002331786285027108,0.0009299946755770403
1,0.0011163788998626895,0.0007245776955294417
2,0.0008965954649093613,0.0006342318097264587
3,0.0007312598303489807,0.0005940703018212632
4,0.0005923085036574501,0.0005857821826505873
5,0.000519214449482215,0.0005806132098384843
6,0.000476734257342524,0.0005568910607834461
7,0.00044752558244488333,0.000638841482141086
8,0.00043051643600930395,0.000528799634041567
9,0.0004139089962392114,0.0005525444402893097
