,Train Loss,Val Loss
0,0.04756415700829191,0.025455174336388033
1,0.04539974166514093,0.02504475585027153
2,0.045039321748491984,0.024959665325059294
3,0.04470364835194542,0.023739437210899838
4,0.04475038558655891,0.023764488503193997
5,0.04474238911418945,0.023404682277773287
6,0.044527722796373376,0.02427844231991772
7,0.04439388272936981,0.023656884077779147
8,0.04427314614779003,0.024282629092862808
9,0.044273816740223855,0.023909041732193853
