,Train Loss,Val Loss
0,0.012589821538528414,0.0013347586147834621
1,0.001506982897481876,0.0010971625209136669
2,0.0011655009431507852,0.0009398580396054693
3,0.0009249628507538806,0.0007980431129553372
4,0.0007716670301200352,0.0007615926653188045
5,0.000671742517753708,0.0007236929350875749
6,0.000597750930113432,0.000700423524024337
7,0.0005546362530860971,0.000691536457628615
8,0.0005238306616762708,0.0006805974244183158
9,0.0004991914935742487,0.0006701565624681429
