,Train Loss,Val Loss
0,0.6914940047310292,0.6915321082377929
1,0.6912888516749307,0.6915240451155683
2,0.691241579268096,0.6915209900601982
3,0.6912174466462766,0.6915256524879743
4,0.6912125701929486,0.6915379794370916
5,0.6912105573722871,0.6915215171674849
6,0.6912091059901078,0.6915218012733204
7,0.6912082618057057,0.6915221635980636
8,0.6912074186169076,0.6915225208180931
9,0.691206513945524,0.691533673762502
