,Train Loss,Val Loss
0,0.04796806332798916,0.05022743422572352
1,0.007995875821192397,0.039450368921066466
2,0.003024982920280494,0.03708721151666659
3,0.0012242111325590252,0.03714979663658714
4,0.0008623592132955149,0.03787150210440444
5,0.0007364086449499939,0.03875397207635586
6,0.000667120467343387,0.03908153477325551
7,0.0006210066674048864,0.03955915450957611
8,0.0005830213527198035,0.040198692983762566
9,0.0005446935234409917,0.03999030801624462
