,Train Loss,Val Loss
0,0.12392467819070878,0.08120055998820327
1,0.046635689587883125,0.06487179867931517
2,0.02894184431283904,0.05510071416088825
3,0.02277225696349819,0.05179645074748219
4,0.01800554168324235,0.044732069827586006
5,0.01237204945884262,0.04303922284870484
6,0.007882212549188814,0.04194767765596297
7,0.006397102675108025,0.04089759819605078
8,0.00584957993320215,0.040589308614858544
9,0.005598017245799748,0.039933359452268294
