,Train Loss,Val Loss
0,5.48464265446416,1.7447021518302925
1,1.7036796997250443,1.6503064843910145
2,1.6424058486397604,1.6016662064119005
3,1.5520155780259468,1.5501084815674904
4,1.4548909271972734,1.3998510112415583
5,1.3754143077651149,1.3984553703622717
6,1.3249350845117194,1.444312623790147
7,1.2785679034594841,1.3674044277056125
8,1.261154597090951,1.408392392396641
9,1.236650321312489,1.3818199124830348
