,True min,Feature Range
0,146428.0,2866.0
1,4982.0,1776801595.0
2,2.70334,3381.72666
3,-221.622,815.2829999999999
4,-313.942,699.2860000000001
5,-2158.81,5468.4
6,1.00175,706.75725
7,-2.61164,5.17789
8,-3.14157,6.28314
9,-1.0,2.0
10,2.50687,4343.52313
11,-1501.3,2251.648
12,-105.613,1109.103
13,-1232.88,5484.66
14,0.563436,1805.226564
15,-2.61569,5.327019999999999
16,-3.14159,6.28315
17,-1.0,2.0
18,2.00003,107.97697000000001
